sourcetype,field,"last_seen"
"","",1429493580
ADBCD,"splunk_server_group",1429493580
ActiveDirectory,CN,1429493580
ActiveDirectory,admonEventType,1429493580
ActiveDirectory,dNSTombstoned,1429493580
ActiveDirectory,dSCorePropagationData,1429493580
ActiveDirectory,dc,1429493580
ActiveDirectory,dcName,1429493580
ActiveDirectory,distinguishedName,1429493580
ActiveDirectory,dnsRecord,1429493580
ActiveDirectory,"guid_lookup",1429493580
ActiveDirectory,instanceType,1429493580
ActiveDirectory,name,1429493580
ActiveDirectory,objectCategory,1429493580
ActiveDirectory,objectClass,1429493580
ActiveDirectory,objectGUID,1429493580
ActiveDirectory,showInAdvancedViewOnly,1429493580
ActiveDirectory,"splunk_server_group",1429493580
ActiveDirectory,uSNChanged,1429493580
ActiveDirectory,uSNCreated,1429493580
ActiveDirectory,whenChanged,1429493580
ActiveDirectory,whenCreated,1429493580
AppleFileServiceAccess,"splunk_server_group",1429493580
BMail,"splunk_server_group",1429493580
DhcpSrvLog,date,1429493580
DhcpSrvLog,description,1429493580
DhcpSrvLog,dest,1429493580
DhcpSrvLog,"dest_ip",1429493580
DhcpSrvLog,"dest_nt_host",1429493580
DhcpSrvLog,"msdhcp_id",1429493580
DhcpSrvLog,signature,1429493580
DhcpSrvLog,"splunk_server_group",1429493580
DhcpSrvLog,time,1429493580
EnterpriseLAN,"splunk_server_group",1429493580
Interface,Host,1429493580
Interface,Value,1429493580
Interface,collection,1429493580
Interface,counter,1429493580
Interface,dest,1429493580
Interface,instance,1429493580
Interface,object,1429493580
Interface,"splunk_server_group",1429493580
Interface,src,1429493580
KRB,"splunk_server_group",1429493580
Load,Host,1429493580
Load,Value,1429493580
Load,collection,1429493580
Load,counter,1429493580
Load,dest,1429493580
Load,instance,1429493580
Load,object,1429493580
Load,"splunk_server_group",1429493580
Load,src,1429493580
"MSAD:NT6:Netlogon","splunk_server_group",1429493580
"MSAD:NT6:Replication","splunk_server_group",1429493580
"MSAD:NT6:Replication",type,1429493580
"MSExchange:2010:MessageTracking","client_hostname",1429493580
"MSExchange:2010:MessageTracking",directionality,1429493580
"MSExchange:2010:MessageTracking","event_id",1429493580
"MSExchange:2010:MessageTracking","internal_message_id",1429493580
"MSExchange:2010:MessageTracking","message_id",1429493580
"MSExchange:2010:MessageTracking","message_subject",1429493580
"MSExchange:2010:MessageTracking",recipient,1429493580
"MSExchange:2010:MessageTracking","recipient_count",1429493580
"MSExchange:2010:MessageTracking","recipient_domain",1429493580
"MSExchange:2010:MessageTracking","recipient_username",1429493580
"MSExchange:2010:MessageTracking",recipients,1429493580
"MSExchange:2010:MessageTracking","return_path",1429493580
"MSExchange:2010:MessageTracking",sender,1429493580
"MSExchange:2010:MessageTracking","sender_domain",1429493580
"MSExchange:2010:MessageTracking","sender_username",1429493580
"MSExchange:2010:MessageTracking","source_context",1429493580
"MSExchange:2010:MessageTracking","source_id",1429493580
"MSExchange:2010:MessageTracking","splunk_server_group",1429493580
"MSExchange:2010:MessageTracking","total_bytes",1429493580
"MSExchange:2010:Topology",MajorVersion,1429493580
"MSExchange:2010:Topology",Name,1429493580
"MSExchange:2010:Topology","splunk_server_group",1429493580
"MSWindows:2008R2:IIS",IPAddress,1429493580
"MSWindows:2008R2:IIS",WebApplication,1429493580
"MSWindows:2008R2:IIS","c_ip",1429493580
"MSWindows:2008R2:IIS","cs_method",1429493580
"MSWindows:2008R2:IIS","cs_uri_query",1429493580
"MSWindows:2008R2:IIS","cs_uri_stem",1429493580
"MSWindows:2008R2:IIS","cs_user_agent",1429493580
"MSWindows:2008R2:IIS","cs_username",1429493580
"MSWindows:2008R2:IIS",date,1429493580
"MSWindows:2008R2:IIS","s_ip",1429493580
"MSWindows:2008R2:IIS","s_port",1429493580
"MSWindows:2008R2:IIS","sc_status",1429493580
"MSWindows:2008R2:IIS","sc_substatus",1429493580
"MSWindows:2008R2:IIS","sc_win32_status",1429493580
"MSWindows:2008R2:IIS","splunk_server_group",1429493580
"MSWindows:2008R2:IIS","src_ip",1429493580
"MSWindows:2008R2:IIS",time,1429493580
"MSWindows:2008R2:IIS","time_taken",1429493580
Memory,Host,1429493580
Memory,Value,1429493580
Memory,collection,1429493580
Memory,counter,1429493580
Memory,dest,1429493580
Memory,instance,1429493580
Memory,object,1429493580
Memory,"splunk_server_group",1429493580
Memory,src,1429493580
"Novell:IDM:RemoteLoader","splunk_server_group",1429493580
"Perfmon:ActiveSync",Host,1429493580
"Perfmon:ActiveSync",Value,1429493580
"Perfmon:ActiveSync",counter,1429493580
"Perfmon:ActiveSync",dest,1429493580
"Perfmon:ActiveSync",instance,1429493580
"Perfmon:ActiveSync","splunk_server_group",1429493580
"Perfmon:ActiveSync",src,1429493580
"Perfmon:Available",Host,1429493580
"Perfmon:Available",Value,1429493580
"Perfmon:Available",collection,1429493580
"Perfmon:Available",counter,1429493580
"Perfmon:Available",dest,1429493580
"Perfmon:Available",instance,1429493580
"Perfmon:Available",object,1429493580
"Perfmon:Available","splunk_server_group",1429493580
"Perfmon:Available",src,1429493580
"Perfmon:Available_Memory",Host,1429493580
"Perfmon:Available_Memory",Value,1429493580
"Perfmon:Available_Memory",counter,1429493580
"Perfmon:Available_Memory",dest,1429493580
"Perfmon:Available_Memory",instance,1429493580
"Perfmon:Available_Memory","splunk_server_group",1429493580
"Perfmon:Available_Memory",src,1429493580
"Perfmon:CPU",Host,1429493580
"Perfmon:CPU",Value,1429493580
"Perfmon:CPU",collection,1429493580
"Perfmon:CPU",counter,1429493580
"Perfmon:CPU",dest,1429493580
"Perfmon:CPU",instance,1429493580
"Perfmon:CPU",object,1429493580
"Perfmon:CPU","splunk_server_group",1429493580
"Perfmon:CPU",src,1429493580
"Perfmon:CPUTime",Host,1429493580
"Perfmon:CPUTime",PercentUserTime,1429493580
"Perfmon:CPUTime",Value,1429493580
"Perfmon:CPUTime",collection,1429493580
"Perfmon:CPUTime",counter,1429493580
"Perfmon:CPUTime","cpu_user_percent",1429493580
"Perfmon:CPUTime",dest,1429493580
"Perfmon:CPUTime",instance,1429493580
"Perfmon:CPUTime",object,1429493580
"Perfmon:CPUTime","splunk_server_group",1429493580
"Perfmon:CPUTime",src,1429493580
"Perfmon:FreeDiskSpace",Host,1429493580
"Perfmon:FreeDiskSpace",PercentFreeSpace,1429493580
"Perfmon:FreeDiskSpace",Value,1429493580
"Perfmon:FreeDiskSpace",counter,1429493580
"Perfmon:FreeDiskSpace",dest,1429493580
"Perfmon:FreeDiskSpace",instance,1429493580
"Perfmon:FreeDiskSpace",mount,1429493580
"Perfmon:FreeDiskSpace","splunk_server_group",1429493580
"Perfmon:FreeDiskSpace",src,1429493580
"Perfmon:FreeDiskSpace","storage_free_percent",1429493580
"Perfmon:FreeDiskSpace","storage_used_percent",1429493580
"Perfmon:LocalNetwork",Host,1429493580
"Perfmon:LocalNetwork",Value,1429493580
"Perfmon:LocalNetwork",collection,1429493580
"Perfmon:LocalNetwork",counter,1429493580
"Perfmon:LocalNetwork",dest,1429493580
"Perfmon:LocalNetwork",instance,1429493580
"Perfmon:LocalNetwork",object,1429493580
"Perfmon:LocalNetwork","splunk_server_group",1429493580
"Perfmon:LocalNetwork",src,1429493580
"Perfmon:LocalPhysicalDisk",Host,1429493580
"Perfmon:LocalPhysicalDisk",Value,1429493580
"Perfmon:LocalPhysicalDisk",counter,1429493580
"Perfmon:LocalPhysicalDisk",dest,1429493580
"Perfmon:LocalPhysicalDisk",instance,1429493580
"Perfmon:LocalPhysicalDisk","splunk_server_group",1429493580
"Perfmon:LocalPhysicalDisk",src,1429493580
"Perfmon:Lync:Conferences",Host,1429493580
"Perfmon:Lync:Conferences",Value,1429493580
"Perfmon:Lync:Conferences",counter,1429493580
"Perfmon:Lync:Conferences",dest,1429493580
"Perfmon:Lync:Conferences",instance,1429493580
"Perfmon:Lync:Conferences","splunk_server_group",1429493580
"Perfmon:Lync:Conferences",src,1429493580
"Perfmon:MSExchangeImap4",Host,1429493580
"Perfmon:MSExchangeImap4",Value,1429493580
"Perfmon:MSExchangeImap4",collection,1429493580
"Perfmon:MSExchangeImap4",counter,1429493580
"Perfmon:MSExchangeImap4",dest,1429493580
"Perfmon:MSExchangeImap4",instance,1429493580
"Perfmon:MSExchangeImap4",object,1429493580
"Perfmon:MSExchangeImap4","splunk_server_group",1429493580
"Perfmon:MSExchangeImap4",src,1429493580
"Perfmon:MSExchangePop3",Host,1429493580
"Perfmon:MSExchangePop3",Value,1429493580
"Perfmon:MSExchangePop3",collection,1429493580
"Perfmon:MSExchangePop3",counter,1429493580
"Perfmon:MSExchangePop3",dest,1429493580
"Perfmon:MSExchangePop3",instance,1429493580
"Perfmon:MSExchangePop3",object,1429493580
"Perfmon:MSExchangePop3","splunk_server_group",1429493580
"Perfmon:MSExchangePop3",src,1429493580
"Perfmon:MSExchange_Queue_Lengths",Host,1429493580
"Perfmon:MSExchange_Queue_Lengths",Value,1429493580
"Perfmon:MSExchange_Queue_Lengths",collection,1429493580
"Perfmon:MSExchange_Queue_Lengths",counter,1429493580
"Perfmon:MSExchange_Queue_Lengths",dest,1429493580
"Perfmon:MSExchange_Queue_Lengths",instance,1429493580
"Perfmon:MSExchange_Queue_Lengths",object,1429493580
"Perfmon:MSExchange_Queue_Lengths","splunk_server_group",1429493580
"Perfmon:MSExchange_Queue_Lengths",src,1429493580
"Perfmon:MSExchange_SmtpReceive",Host,1429493580
"Perfmon:MSExchange_SmtpReceive",Value,1429493580
"Perfmon:MSExchange_SmtpReceive",counter,1429493580
"Perfmon:MSExchange_SmtpReceive",dest,1429493580
"Perfmon:MSExchange_SmtpReceive",instance,1429493580
"Perfmon:MSExchange_SmtpReceive","splunk_server_group",1429493580
"Perfmon:MSExchange_SmtpReceive",src,1429493580
"Perfmon:MSExchange_SmtpSend",Host,1429493580
"Perfmon:MSExchange_SmtpSend",Value,1429493580
"Perfmon:MSExchange_SmtpSend",counter,1429493580
"Perfmon:MSExchange_SmtpSend",dest,1429493580
"Perfmon:MSExchange_SmtpSend",instance,1429493580
"Perfmon:MSExchange_SmtpSend","splunk_server_group",1429493580
"Perfmon:MSExchange_SmtpSend",src,1429493580
"Perfmon:MSExchange_Store_Driver",Host,1429493580
"Perfmon:MSExchange_Store_Driver",Value,1429493580
"Perfmon:MSExchange_Store_Driver",counter,1429493580
"Perfmon:MSExchange_Store_Driver",dest,1429493580
"Perfmon:MSExchange_Store_Driver",instance,1429493580
"Perfmon:MSExchange_Store_Driver","splunk_server_group",1429493580
"Perfmon:MSExchange_Store_Driver",src,1429493580
"Perfmon:MSExchange_Throttling",Host,1429493580
"Perfmon:MSExchange_Throttling",Value,1429493580
"Perfmon:MSExchange_Throttling",collection,1429493580
"Perfmon:MSExchange_Throttling",counter,1429493580
"Perfmon:MSExchange_Throttling",dest,1429493580
"Perfmon:MSExchange_Throttling",instance,1429493580
"Perfmon:MSExchange_Throttling",object,1429493580
"Perfmon:MSExchange_Throttling","splunk_server_group",1429493580
"Perfmon:MSExchange_Throttling",src,1429493580
"Perfmon:Memory",Host,1429493580
"Perfmon:Memory",Value,1429493580
"Perfmon:Memory",collection,1429493580
"Perfmon:Memory",counter,1429493580
"Perfmon:Memory",dest,1429493580
"Perfmon:Memory",instance,1429493580
"Perfmon:Memory",object,1429493580
"Perfmon:Memory","splunk_server_group",1429493580
"Perfmon:Memory",src,1429493580
"Perfmon:NTDS",Host,1429493580
"Perfmon:NTDS",Value,1429493580
"Perfmon:NTDS",collection,1429493580
"Perfmon:NTDS",counter,1429493580
"Perfmon:NTDS",dest,1429493580
"Perfmon:NTDS",instance,1429493580
"Perfmon:NTDS",object,1429493580
"Perfmon:NTDS","splunk_server_group",1429493580
"Perfmon:NTDS",src,1429493580
"Perfmon:Network",Host,1429493580
"Perfmon:Network",Value,1429493580
"Perfmon:Network",collection,1429493580
"Perfmon:Network",counter,1429493580
"Perfmon:Network",dest,1429493580
"Perfmon:Network",instance,1429493580
"Perfmon:Network",object,1429493580
"Perfmon:Network","splunk_server_group",1429493580
"Perfmon:Network",src,1429493580
"Perfmon:Network_Interface",Host,1429493580
"Perfmon:Network_Interface",Value,1429493580
"Perfmon:Network_Interface",collection,1429493580
"Perfmon:Network_Interface",counter,1429493580
"Perfmon:Network_Interface",dest,1429493580
"Perfmon:Network_Interface",instance,1429493580
"Perfmon:Network_Interface",object,1429493580
"Perfmon:Network_Interface","splunk_server_group",1429493580
"Perfmon:Network_Interface",src,1429493580
"Perfmon:Network_Utilization",Host,1429493580
"Perfmon:Network_Utilization",Value,1429493580
"Perfmon:Network_Utilization",counter,1429493580
"Perfmon:Network_Utilization",dest,1429493580
"Perfmon:Network_Utilization",instance,1429493580
"Perfmon:Network_Utilization","splunk_server_group",1429493580
"Perfmon:Network_Utilization",src,1429493580
"Perfmon:OWA",Host,1429493580
"Perfmon:OWA",Value,1429493580
"Perfmon:OWA",counter,1429493580
"Perfmon:OWA",dest,1429493580
"Perfmon:OWA",instance,1429493580
"Perfmon:OWA","splunk_server_group",1429493580
"Perfmon:OWA",src,1429493580
"Perfmon:Processor",Host,1429493580
"Perfmon:Processor",Value,1429493580
"Perfmon:Processor",collection,1429493580
"Perfmon:Processor",counter,1429493580
"Perfmon:Processor",dest,1429493580
"Perfmon:Processor",instance,1429493580
"Perfmon:Processor",object,1429493580
"Perfmon:Processor","splunk_server_group",1429493580
"Perfmon:Processor",src,1429493580
"Perfmon:Total_Processor_Time",Host,1429493580
"Perfmon:Total_Processor_Time",Value,1429493580
"Perfmon:Total_Processor_Time",counter,1429493580
"Perfmon:Total_Processor_Time",dest,1429493580
"Perfmon:Total_Processor_Time",instance,1429493580
"Perfmon:Total_Processor_Time","splunk_server_group",1429493580
"Perfmon:Total_Processor_Time",src,1429493580
"PerfmonMk:Lync:Inbound_PSTN_Calls","-_000_-_Current",1429493580
"PerfmonMk:Lync:Inbound_PSTN_Calls","-_001_-_Total_established",1429493580
"PerfmonMk:Lync:Inbound_PSTN_Calls","-_002_-_Total_attempts",1429493580
"PerfmonMk:Lync:Inbound_PSTN_Calls","-_003_-_Total_rejected_due_to_load",1429493580
"PerfmonMk:Lync:Inbound_PSTN_Calls",Host,1429493580
"PerfmonMk:Lync:Inbound_PSTN_Calls",category,1429493580
"PerfmonMk:Lync:Inbound_PSTN_Calls",collection,1429493580
"PerfmonMk:Lync:Inbound_PSTN_Calls",dest,1429493580
"PerfmonMk:Lync:Inbound_PSTN_Calls",instance,1429493580
"PerfmonMk:Lync:Inbound_PSTN_Calls",object,1429493580
"PerfmonMk:Lync:Inbound_PSTN_Calls","splunk_server_group",1429493580
"PerfmonMk:Lync:Inbound_PSTN_Calls",src,1429493580
"PerfmonMk:Lync:Outbound_PSTN_Calls","-_000_-_Current",1429493580
"PerfmonMk:Lync:Outbound_PSTN_Calls","-_001_-_Total_established",1429493580
"PerfmonMk:Lync:Outbound_PSTN_Calls","-_002_-_Total_attempts",1429493580
"PerfmonMk:Lync:Outbound_PSTN_Calls","-_003_-_Total_rejected_due_to_load",1429493580
"PerfmonMk:Lync:Outbound_PSTN_Calls",Host,1429493580
"PerfmonMk:Lync:Outbound_PSTN_Calls",category,1429493580
"PerfmonMk:Lync:Outbound_PSTN_Calls",collection,1429493580
"PerfmonMk:Lync:Outbound_PSTN_Calls",dest,1429493580
"PerfmonMk:Lync:Outbound_PSTN_Calls",instance,1429493580
"PerfmonMk:Lync:Outbound_PSTN_Calls",object,1429493580
"PerfmonMk:Lync:Outbound_PSTN_Calls","splunk_server_group",1429493580
"PerfmonMk:Lync:Outbound_PSTN_Calls",src,1429493580
Server,ComputerName,1429493580
Server,EventCode,1429493580
Server,EventType,1429493580
Server,Keywords,1429493580
Server,LogName,1429493580
Server,Message,1429493580
Server,OpCode,1429493580
Server,RecordNumber,1429493580
Server,SourceName,1429493580
Server,TaskCategory,1429493580
Server,Type,1429493580
Server,dvc,1429493580
Server,"dvc_nt_host",1429493580
Server,"event_id",1429493580
Server,"signature_id",1429493580
Server,"splunk_server_group",1429493580
Service,ComputerName,1429493580
Service,EventCode,1429493580
Service,EventType,1429493580
Service,Keywords,1429493580
Service,LogName,1429493580
Service,Message,1429493580
Service,OpCode,1429493580
Service,RecordNumber,1429493580
Service,Sid,1429493580
Service,SidType,1429493580
Service,SourceName,1429493580
Service,TaskCategory,1429493580
Service,Type,1429493580
Service,User,1429493580
Service,dvc,1429493580
Service,"dvc_nt_host",1429493580
Service,"event_id",1429493580
Service,"signature_id",1429493580
Service,"splunk_server_group",1429493580
VMware,opID,1429493580
VMware,"splunk_server_group",1429493580
"Vontu_Protect","splunk_server_group",1429493580
"WinEventLog:Application",ComputerName,1429493580
"WinEventLog:Application",EventCode,1429493580
"WinEventLog:Application",EventType,1429493580
"WinEventLog:Application",Keywords,1429493580
"WinEventLog:Application",LogName,1429493580
"WinEventLog:Application",Message,1429493580
"WinEventLog:Application",OpCode,1429493580
"WinEventLog:Application",RecordNumber,1429493580
"WinEventLog:Application",SourceName,1429493580
"WinEventLog:Application",TaskCategory,1429493580
"WinEventLog:Application",Type,1429493580
"WinEventLog:Application",dest,1429493580
"WinEventLog:Application",dvc,1429493580
"WinEventLog:Application","dvc_nt_host",1429493580
"WinEventLog:Application","event_id",1429493580
"WinEventLog:Application","signature_id",1429493580
"WinEventLog:Application","splunk_server_group",1429493580
"WinEventLog:Application:MSSQLServer",ComputerName,1429493580
"WinEventLog:Application:MSSQLServer",EventCode,1429493580
"WinEventLog:Application:MSSQLServer",EventType,1429493580
"WinEventLog:Application:MSSQLServer",Keywords,1429493580
"WinEventLog:Application:MSSQLServer",LogName,1429493580
"WinEventLog:Application:MSSQLServer",Message,1429493580
"WinEventLog:Application:MSSQLServer",OpCode,1429493580
"WinEventLog:Application:MSSQLServer",RecordNumber,1429493580
"WinEventLog:Application:MSSQLServer",SourceName,1429493580
"WinEventLog:Application:MSSQLServer",TaskCategory,1429493580
"WinEventLog:Application:MSSQLServer",Type,1429493580
"WinEventLog:Application:MSSQLServer","action_id",1429493580
"WinEventLog:Application:MSSQLServer","action_id_description",1429493580
"WinEventLog:Application:MSSQLServer","additional_information",1429493580
"WinEventLog:Application:MSSQLServer","class_type",1429493580
"WinEventLog:Application:MSSQLServer","class_type_description",1429493580
"WinEventLog:Application:MSSQLServer","database_principal_id",1429493580
"WinEventLog:Application:MSSQLServer",dvc,1429493580
"WinEventLog:Application:MSSQLServer","dvc_nt_host",1429493580
"WinEventLog:Application:MSSQLServer","event_id",1429493580
"WinEventLog:Application:MSSQLServer","event_time",1429493580
"WinEventLog:Application:MSSQLServer","is_column_permission",1429493580
"WinEventLog:Application:MSSQLServer","is_dac",1429493580
"WinEventLog:Application:MSSQLServer","object_id",1429493580
"WinEventLog:Application:MSSQLServer","permission_bitmask",1429493580
"WinEventLog:Application:MSSQLServer","pooled_connection",1429493580
"WinEventLog:Application:MSSQLServer",reads,1429493580
"WinEventLog:Application:MSSQLServer","sequence_number",1429493580
"WinEventLog:Application:MSSQLServer","server_instance_name",1429493580
"WinEventLog:Application:MSSQLServer","server_principal_id",1429493580
"WinEventLog:Application:MSSQLServer","server_principal_name",1429493580
"WinEventLog:Application:MSSQLServer","server_principal_sid",1429493580
"WinEventLog:Application:MSSQLServer","session_id",1429493580
"WinEventLog:Application:MSSQLServer","session_server_principal_name",1429493580
"WinEventLog:Application:MSSQLServer","signature_id",1429493580
"WinEventLog:Application:MSSQLServer","splunk_server_group",1429493580
"WinEventLog:Application:MSSQLServer",statement,1429493580
"WinEventLog:Application:MSSQLServer",succeeded,1429493580
"WinEventLog:Application:MSSQLServer","target_database_principal_id",1429493580
"WinEventLog:Application:MSSQLServer","target_server_principal_id",1429493580
"WinEventLog:Application:MSSQLServer","total_cpu",1429493580
"WinEventLog:Application:MSSQLServer",writes,1429493580
"WinEventLog:Application:MSSQLServer","xmlns__http",1429493580
"WinEventLog:DNS",ComputerName,1429493580
"WinEventLog:DNS",EventCode,1429493580
"WinEventLog:DNS",EventType,1429493580
"WinEventLog:DNS",Keywords,1429493580
"WinEventLog:DNS",LogName,1429493580
"WinEventLog:DNS",Message,1429493580
"WinEventLog:DNS",OpCode,1429493580
"WinEventLog:DNS",RecordNumber,1429493580
"WinEventLog:DNS",SourceName,1429493580
"WinEventLog:DNS",TaskCategory,1429493580
"WinEventLog:DNS",Type,1429493580
"WinEventLog:DNS",dvc,1429493580
"WinEventLog:DNS","dvc_nt_host",1429493580
"WinEventLog:DNS","event_id",1429493580
"WinEventLog:DNS","signature_id",1429493580
"WinEventLog:DNS","splunk_server_group",1429493580
"WinEventLog:Directory",ComputerName,1429493580
"WinEventLog:Directory",EventCode,1429493580
"WinEventLog:Directory",EventType,1429493580
"WinEventLog:Directory",Keywords,1429493580
"WinEventLog:Directory",LogName,1429493580
"WinEventLog:Directory",Message,1429493580
"WinEventLog:Directory",OpCode,1429493580
"WinEventLog:Directory",RecordNumber,1429493580
"WinEventLog:Directory",Sid,1429493580
"WinEventLog:Directory",SidType,1429493580
"WinEventLog:Directory",SourceName,1429493580
"WinEventLog:Directory",TaskCategory,1429493580
"WinEventLog:Directory",Type,1429493580
"WinEventLog:Directory",User,1429493580
"WinEventLog:Directory",dvc,1429493580
"WinEventLog:Directory","dvc_nt_host",1429493580
"WinEventLog:Directory","event_id",1429493580
"WinEventLog:Directory","signature_id",1429493580
"WinEventLog:Directory","splunk_server_group",1429493580
"WinEventLog:ForwardedEvents","Account_Domain",1429493580
"WinEventLog:ForwardedEvents","Account_Name",1429493580
"WinEventLog:ForwardedEvents","Authentication_Package",1429493580
"WinEventLog:ForwardedEvents",ComputerName,1429493580
"WinEventLog:ForwardedEvents",EventCode,1429493580
"WinEventLog:ForwardedEvents",EventCodeDescription,1429493580
"WinEventLog:ForwardedEvents",EventType,1429493580
"WinEventLog:ForwardedEvents","Key_Length",1429493580
"WinEventLog:ForwardedEvents",Keywords,1429493580
"WinEventLog:ForwardedEvents",LogName,1429493580
"WinEventLog:ForwardedEvents","Logon_GUID",1429493580
"WinEventLog:ForwardedEvents","Logon_ID",1429493580
"WinEventLog:ForwardedEvents","Logon_Process",1429493580
"WinEventLog:ForwardedEvents","Logon_Type",1429493580
"WinEventLog:ForwardedEvents",Message,1429493580
"WinEventLog:ForwardedEvents",OpCode,1429493580
"WinEventLog:ForwardedEvents","Package_Name__NTLM_only_",1429493580
"WinEventLog:ForwardedEvents","Process_ID",1429493580
"WinEventLog:ForwardedEvents","Process_Name",1429493580
"WinEventLog:ForwardedEvents",RecordNumber,1429493580
"WinEventLog:ForwardedEvents","Security_ID",1429493580
"WinEventLog:ForwardedEvents",SourceName,1429493580
"WinEventLog:ForwardedEvents","Source_Network_Address",1429493580
"WinEventLog:ForwardedEvents","Source_Port",1429493580
"WinEventLog:ForwardedEvents",TaskCategory,1429493580
"WinEventLog:ForwardedEvents","Transited_Services",1429493580
"WinEventLog:ForwardedEvents",Type,1429493580
"WinEventLog:ForwardedEvents",dvc,1429493580
"WinEventLog:ForwardedEvents","dvc_nt_host",1429493580
"WinEventLog:ForwardedEvents","event_id",1429493580
"WinEventLog:ForwardedEvents",name,1429493580
"WinEventLog:ForwardedEvents",signature,1429493580
"WinEventLog:ForwardedEvents","signature_id",1429493580
"WinEventLog:ForwardedEvents","splunk_server_group",1429493580
"WinEventLog:Security","Account_Domain",1429493580
"WinEventLog:Security","Account_Name",1429493580
"WinEventLog:Security",ComputerName,1429493580
"WinEventLog:Security",EventCode,1429493580
"WinEventLog:Security",EventCodeDescription,1429493580
"WinEventLog:Security",EventType,1429493580
"WinEventLog:Security",Keywords,1429493580
"WinEventLog:Security",LogName,1429493580
"WinEventLog:Security","Logon_ID",1429493580
"WinEventLog:Security","Logon_Type",1429493580
"WinEventLog:Security",Message,1429493580
"WinEventLog:Security",OpCode,1429493580
"WinEventLog:Security",RecordNumber,1429493580
"WinEventLog:Security","Security_ID",1429493580
"WinEventLog:Security",SourceName,1429493580
"WinEventLog:Security",TaskCategory,1429493580
"WinEventLog:Security",Type,1429493580
"WinEventLog:Security",action,1429493580
"WinEventLog:Security",app,1429493580
"WinEventLog:Security",dest,1429493580
"WinEventLog:Security","dest_nt_host",1429493580
"WinEventLog:Security",dvc,1429493580
"WinEventLog:Security","dvc_nt_host",1429493580
"WinEventLog:Security","event_id",1429493580
"WinEventLog:Security",name,1429493580
"WinEventLog:Security",product,1429493580
"WinEventLog:Security",signature,1429493580
"WinEventLog:Security","signature_id",1429493580
"WinEventLog:Security","splunk_server_group",1429493580
"WinEventLog:Security",src,1429493580
"WinEventLog:Security",vendor,1429493580
"WinEventLog:System",ComputerName,1429493580
"WinEventLog:System",EventCode,1429493580
"WinEventLog:System",EventType,1429493580
"WinEventLog:System",Keywords,1429493580
"WinEventLog:System",LogName,1429493580
"WinEventLog:System",Message,1429493580
"WinEventLog:System",OpCode,1429493580
"WinEventLog:System",RecordNumber,1429493580
"WinEventLog:System",SourceName,1429493580
"WinEventLog:System",TaskCategory,1429493580
"WinEventLog:System",Type,1429493580
"WinEventLog:System",dest,1429493580
"WinEventLog:System",dvc,1429493580
"WinEventLog:System","dvc_nt_host",1429493580
"WinEventLog:System","event_id",1429493580
"WinEventLog:System","signature_id",1429493580
"WinEventLog:System","splunk_server_group",1429493580
"WinEventLog:System",src,1429493580
WinRegistry,Channel,1429493580
WinRegistry,IsCurrent,1429493580
WinRegistry,RecordId,1429493580
WinRegistry,data,1429493580
WinRegistry,"data_type",1429493580
WinRegistry,dest,1429493580
WinRegistry,"event_status",1429493580
WinRegistry,"key_path",1429493580
WinRegistry,msg,1429493580
WinRegistry,object,1429493580
WinRegistry,"object_category",1429493580
WinRegistry,"object_path",1429493580
WinRegistry,path,1429493580
WinRegistry,pid,1429493580
WinRegistry,"process_image",1429493580
WinRegistry,"registry_type",1429493580
WinRegistry,"splunk_server_group",1429493580
WinRegistry,status,1429493580
WinRegistry,user,1429493580
WinRegistry,"user_type",1429493580
WinRegistry,"vendor_action",1429493580
WinRegistry,"vendor_status",1429493580
"Windows:CPU",CurrentClockSpeed,1429493580
"Windows:CPU",Description,1429493580
"Windows:CPU",DeviceID,1429493580
"Windows:CPU",LoadPercentage,1429493580
"Windows:CPU",Manufacturer,1429493580
"Windows:CPU",MaxClockSpeed,1429493580
"Windows:CPU",Name,1429493580
"Windows:CPU",NumberOfCores,1429493580
"Windows:CPU",NumberOfLogicalProcessors,1429493580
"Windows:CPU",Status,1429493580
"Windows:CPU",cpu,1429493580
"Windows:CPU","cpu_core_count",1429493580
"Windows:CPU","cpu_load_percent",1429493580
"Windows:CPU","cpu_manufacturer",1429493580
"Windows:CPU","cpu_name",1429493580
"Windows:CPU","cpu_speed",1429493580
"Windows:CPU","cpu_type",1429493580
"Windows:CPU","splunk_server_group",1429493580
"Windows:LogicalDisk",Compressed,1429493580
"Windows:LogicalDisk",Description,1429493580
"Windows:LogicalDisk",DeviceID,1429493580
"Windows:LogicalDisk",DriveType,1429493580
"Windows:LogicalDisk",FileSystem,1429493580
"Windows:LogicalDisk",FreeSpace,1429493580
"Windows:LogicalDisk","FreeSpace_gb",1429493580
"Windows:LogicalDisk","FreeSpace_mb",1429493580
"Windows:LogicalDisk",Name,1429493580
"Windows:LogicalDisk",Size,1429493580
"Windows:LogicalDisk","Size_gb",1429493580
"Windows:LogicalDisk","Size_mb",1429493580
"Windows:LogicalDisk",VolumeName,1429493580
"Windows:LogicalDisk","filesystem_type",1429493580
"Windows:LogicalDisk",mount,1429493580
"Windows:LogicalDisk","splunk_server_group",1429493580
"Windows:LogicalDisk",storage,1429493580
"Windows:LogicalDisk","storage_free",1429493580
"Windows:LogicalDisk","storage_used",1429493580
"Windows:LogicalDisk","storage_used_mb",1429493580
"Windows:Process",CSName,1429493580
"Windows:Process",Caption,1429493580
"Windows:Process",CommandLine,1429493580
"Windows:Process",ExecutablePath,1429493580
"Windows:Process",Name,1429493580
"Windows:Process",ParentProcessId,1429493580
"Windows:Process",ProcessId,1429493580
"Windows:Process",WorkingSetSize,1429493580
"Windows:Process",name,1429493580
"Windows:Process",pid,1429493580
"Windows:Process","splunk_server_group",1429493580
Xorg,"splunk_server_group",1429493580
"access_combined",bytes,1429493580
"access_combined",clientip,1429493580
"access_combined",ident,1429493580
"access_combined",method,1429493580
"access_combined",referer,1429493580
"access_combined","req_time",1429493580
"access_combined","splunk_server_group",1429493580
"access_combined",status,1429493580
"access_combined",uri,1429493580
"access_combined","uri_path",1429493580
"access_combined",user,1429493580
"access_combined",useragent,1429493580
"access_combined",version,1429493580
"access_combined_syslog",bytes,1429493580
"access_combined_syslog",clientip,1429493580
"access_combined_syslog",ident,1429493580
"access_combined_syslog",method,1429493580
"access_combined_syslog",process,1429493580
"access_combined_syslog",referer,1429493580
"access_combined_syslog","referer_domain",1429493580
"access_combined_syslog","req_time",1429493580
"access_combined_syslog",root,1429493580
"access_combined_syslog","splunk_server_group",1429493580
"access_combined_syslog",status,1429493580
"access_combined_syslog",uri,1429493580
"access_combined_syslog","uri_path",1429493580
"access_combined_syslog",user,1429493580
"access_combined_syslog",useragent,1429493580
"access_combined_syslog",version,1429493580
"access_combined_wcookie",bytes,1429493580
"access_combined_wcookie",clientip,1429493580
"access_combined_wcookie",file,1429493580
"access_combined_wcookie",ident,1429493580
"access_combined_wcookie",method,1429493580
"access_combined_wcookie",other,1429493580
"access_combined_wcookie",referer,1429493580
"access_combined_wcookie","req_time",1429493580
"access_combined_wcookie",root,1429493580
"access_combined_wcookie","splunk_server_group",1429493580
"access_combined_wcookie",status,1429493580
"access_combined_wcookie",uri,1429493580
"access_combined_wcookie","uri_path",1429493580
"access_combined_wcookie",user,1429493580
"access_combined_wcookie",useragent,1429493580
"access_combined_wcookie",version,1429493580
"access_common",bytes,1429493580
"access_common",clientip,1429493580
"access_common",file,1429493580
"access_common",ident,1429493580
"access_common",method,1429493580
"access_common","req_time",1429493580
"access_common",root,1429493580
"access_common","splunk_server_group",1429493580
"access_common",status,1429493580
"access_common",uri,1429493580
"access_common","uri_path",1429493580
"access_common",user,1429493580
"access_common",version,1429493580
"access_darsprd_ns_log",id,1429493580
"access_darsprd_ns_log","splunk_server_group",1429493580
"access_degreeaudit_ns_log","splunk_server_group",1429493580
"access_ereqwsqa_ns_log","splunk_server_group",1429493580
"access_log_ns","splunk_server_group",1429493580
alert,"splunk_server_group",1429493580
"apache_error","splunk_server_group",1429493580
argus,bytes,1429493580
argus,"dest_ip",1429493580
argus,"dest_port",1429493580
argus,direction,1429493580
argus,"end_date",1429493580
argus,"end_time",1429493580
argus,ip,1429493580
argus,packets,1429493580
argus,protocol,1429493580
argus,"sequence_number",1429493580
argus,"splunk_server_group",1429493580
argus,"src_ip",1429493580
argus,"src_port",1429493580
argus,"start_date",1429493580
argus,"start_time",1429493580
argus,"tcp_flags",1429493580
"arp_windows",ip,1429493580
"arp_windows","splunk_server_group",1429493580
"arp_windows",type,1429493580
aruba,pid,1429493580
aruba,process,1429493580
aruba,"splunk_server_group",1429493580
"aruba_airwave","alert_duration",1429493580
"aruba_airwave","alert_severity",1429493580
"aruba_airwave","alert_threshold",1429493580
"aruba_airwave","alert_type",1429493580
"aruba_airwave","ap_name",1429493580
"aruba_airwave","ap_name_prefix",1429493580
"aruba_airwave",device,1429493580
"aruba_airwave",location,1429493580
"aruba_airwave","radio_type_ghz",1429493580
"aruba_airwave","splunk_server_group",1429493580
"aruba_authmgr",AP,1429493580
"aruba_authmgr",IP,1429493580
"aruba_authmgr",MAC,1429493580
"aruba_authmgr",SSID,1429493580
"aruba_authmgr",VLAN,1429493580
"aruba_authmgr",action,1429493580
"aruba_authmgr",event,1429493580
"aruba_authmgr",ip,1429493580
"aruba_authmgr",method,1429493580
"aruba_authmgr",pid,1429493580
"aruba_authmgr",process,1429493580
"aruba_authmgr",profile,1429493580
"aruba_authmgr",role,1429493580
"aruba_authmgr",server,1429493580
"aruba_authmgr","splunk_server_group",1429493580
"aruba_authmgr","src_ip",1429493580
"aruba_authmgr","src_mac",1429493580
"aruba_authmgr",user,1429493580
"aruba_authmgr",username,1429493580
"aruba_authmgr","vendor_action",1429493580
"aruba_cfgm",pid,1429493580
"aruba_cfgm",process,1429493580
"aruba_cfgm","splunk_server_group",1429493580
"aruba_clearpass",cphost,1429493580
"aruba_clearpass","error_code",1429493580
"aruba_clearpass","error_code_str",1429493580
"aruba_clearpass","nas_ip",1429493580
"aruba_clearpass","session_id",1429493580
"aruba_clearpass","splunk_server_group",1429493580
"aruba_clearpass",user,1429493580
"aruba_clearpass","user_name",1429493580
"aruba_sapd",pid,1429493580
"aruba_sapd",process,1429493580
"aruba_sapd","splunk_server_group",1429493580
"aruba_stm","ap_bssid",1429493580
"aruba_stm","ap_event",1429493580
"aruba_stm","ap_ip",1429493580
"aruba_stm","ap_name",1429493580
"aruba_stm","ap_name_prefix",1429493580
"aruba_stm","dest_mac",1429493580
"aruba_stm",pid,1429493580
"aruba_stm",process,1429493580
"aruba_stm",reason,1429493580
"aruba_stm","splunk_server_group",1429493580
"aruba_stm","src_mac",1429493580
"aruba_wms",pid,1429493580
"aruba_wms",process,1429493580
"aruba_wms","splunk_server_group",1429493580
auth,"splunk_server_group",1429493580
"avamar_agent","log_level",1429493580
"avamar_agent","splunk_server_group",1429493580
"breakable_text","splunk_server_group",1429493580
"bro-dns-new","splunk_server_group",1429493580
"bro2-files","splunk_server_group",1429493580
"bro2-ftp",arg,1429493580
"bro2-ftp",command,1429493580
"bro2-ftp","data_channel_orig_h",1429493580
"bro2-ftp","data_channel_passive",1429493580
"bro2-ftp","data_channel_resp_h",1429493580
"bro2-ftp","data_channel_resp_p",1429493580
"bro2-ftp","dest_ip",1429493580
"bro2-ftp","dest_port",1429493580
"bro2-ftp","file_size",1429493580
"bro2-ftp",fuid,1429493580
"bro2-ftp","id_orig_h",1429493580
"bro2-ftp","id_orig_p",1429493580
"bro2-ftp","id_resp_h",1429493580
"bro2-ftp","id_resp_p",1429493580
"bro2-ftp","mime_type",1429493580
"bro2-ftp",password,1429493580
"bro2-ftp","reply_code",1429493580
"bro2-ftp","reply_msg",1429493580
"bro2-ftp","splunk_server_group",1429493580
"bro2-ftp","src_ip",1429493580
"bro2-ftp","src_port",1429493580
"bro2-ftp",ts,1429493580
"bro2-ftp",uid,1429493580
"bro2-ftp",user,1429493580
"bro2-http-inbound",filename,1429493580
"bro2-http-inbound","id_orig_h",1429493580
"bro2-http-inbound","id_orig_p",1429493580
"bro2-http-inbound","id_resp_h",1429493580
"bro2-http-inbound","id_resp_p",1429493580
"bro2-http-inbound","info_code",1429493580
"bro2-http-inbound","info_msg",1429493580
"bro2-http-inbound",method,1429493580
"bro2-http-inbound","orig_fuids",1429493580
"bro2-http-inbound","orig_mime_types",1429493580
"bro2-http-inbound",password,1429493580
"bro2-http-inbound",proxied,1429493580
"bro2-http-inbound",referrer,1429493580
"bro2-http-inbound","request_body_len",1429493580
"bro2-http-inbound","resp_fuids",1429493580
"bro2-http-inbound","resp_mime_types",1429493580
"bro2-http-inbound","response_body_len",1429493580
"bro2-http-inbound","splunk_server_group",1429493580
"bro2-http-inbound","status_code",1429493580
"bro2-http-inbound","status_msg",1429493580
"bro2-http-inbound","trans_depth",1429493580
"bro2-http-inbound",ts,1429493580
"bro2-http-inbound",uid,1429493580
"bro2-http-inbound",uri,1429493580
"bro2-http-inbound","user_agent",1429493580
"bro2-http-inbound",username,1429493580
"bro2-known-hosts",ip,1429493580
"bro2-known-hosts","splunk_server_group",1429493580
"bro2-notice",actions,1429493580
"bro2-notice","dest_ip",1429493580
"bro2-notice","dest_port",1429493580
"bro2-notice",dropped,1429493580
"bro2-notice",dst,1429493580
"bro2-notice","file_desc",1429493580
"bro2-notice","file_mime_type",1429493580
"bro2-notice",fuid,1429493580
"bro2-notice","id_orig_h",1429493580
"bro2-notice","id_orig_p",1429493580
"bro2-notice","id_resp_h",1429493580
"bro2-notice","id_resp_p",1429493580
"bro2-notice",msg,1429493580
"bro2-notice",n,1429493580
"bro2-notice",note,1429493580
"bro2-notice",p,1429493580
"bro2-notice","peer_descr",1429493580
"bro2-notice",proto,1429493580
"bro2-notice","remote_location_city",1429493580
"bro2-notice","remote_location_country_code",1429493580
"bro2-notice","remote_location_latitude",1429493580
"bro2-notice","remote_location_longitude",1429493580
"bro2-notice","remote_location_region",1429493580
"bro2-notice","splunk_server_group",1429493580
"bro2-notice",src,1429493580
"bro2-notice","src_ip",1429493580
"bro2-notice","src_port",1429493580
"bro2-notice",sub,1429493580
"bro2-notice","suppress_for",1429493580
"bro2-notice",ts,1429493580
"bro2-notice",uid,1429493580
"bro2-smtp",date,1429493580
"bro2-smtp","dest_ip",1429493580
"bro2-smtp","dest_port",1429493580
"bro2-smtp","first_received",1429493580
"bro2-smtp",from,1429493580
"bro2-smtp",fuids,1429493580
"bro2-smtp",helo,1429493580
"bro2-smtp","id_orig_h",1429493580
"bro2-smtp","id_orig_p",1429493580
"bro2-smtp","id_resp_h",1429493580
"bro2-smtp","id_resp_p",1429493580
"bro2-smtp","in_reply_to",1429493580
"bro2-smtp","is_webmail",1429493580
"bro2-smtp","last_reply",1429493580
"bro2-smtp",mailfrom,1429493580
"bro2-smtp","msg_id",1429493580
"bro2-smtp",path,1429493580
"bro2-smtp",rcptto,1429493580
"bro2-smtp","reply_to",1429493580
"bro2-smtp","second_received",1429493580
"bro2-smtp","splunk_server_group",1429493580
"bro2-smtp","src_ip",1429493580
"bro2-smtp","src_port",1429493580
"bro2-smtp",subject,1429493580
"bro2-smtp",to,1429493580
"bro2-smtp","trans_depth",1429493580
"bro2-smtp",ts,1429493580
"bro2-smtp",uid,1429493580
"bro2-smtp","user_agent",1429493580
"bro2-smtp","x_originating_ip",1429493580
"bro2-software","host_p",1429493580
"bro2-software",name,1429493580
"bro2-software","software_type",1429493580
"bro2-software","splunk_server_group",1429493580
"bro2-software",ts,1429493580
"bro2-software","unparsed_version",1429493580
"bro2-software","version_addl",1429493580
"bro2-software","version_major",1429493580
"bro2-software","version_minor",1429493580
"bro2-software","version_minor2",1429493580
"bro2-software","version_minor3",1429493580
"bro2-ssh",client,1429493580
"bro2-ssh","dest_ip",1429493580
"bro2-ssh","dest_port",1429493580
"bro2-ssh",direction,1429493580
"bro2-ssh","id_orig_h",1429493580
"bro2-ssh","id_orig_p",1429493580
"bro2-ssh","id_resp_h",1429493580
"bro2-ssh","id_resp_p",1429493580
"bro2-ssh","remote_location_city",1429493580
"bro2-ssh","remote_location_country_code",1429493580
"bro2-ssh","remote_location_latitude",1429493580
"bro2-ssh","remote_location_longitude",1429493580
"bro2-ssh","remote_location_region",1429493580
"bro2-ssh","resp_size",1429493580
"bro2-ssh",server,1429493580
"bro2-ssh","splunk_server_group",1429493580
"bro2-ssh","src_ip",1429493580
"bro2-ssh","src_port",1429493580
"bro2-ssh",status,1429493580
"bro2-ssh",ts,1429493580
"bro2-ssh",uid,1429493580
"bro2-ssl",CN,1429493580
"bro2-ssl","cert_hash",1429493580
"bro2-ssl",cipher,1429493580
"bro2-ssl","client_issuer_subject",1429493580
"bro2-ssl","client_subject",1429493580
"bro2-ssl","id_orig_h",1429493580
"bro2-ssl","id_orig_p",1429493580
"bro2-ssl","id_resp_h",1429493580
"bro2-ssl","id_resp_p",1429493580
"bro2-ssl","issuer_subject",1429493580
"bro2-ssl","last_alert",1429493580
"bro2-ssl","not_valid_after",1429493580
"bro2-ssl","not_valid_before",1429493580
"bro2-ssl","notary_first_seen",1429493580
"bro2-ssl","notary_last_seen",1429493580
"bro2-ssl","notary_times_seen",1429493580
"bro2-ssl","notary_valid",1429493580
"bro2-ssl","server_name",1429493580
"bro2-ssl","session_id",1429493580
"bro2-ssl",sha1,1429493580
"bro2-ssl","splunk_server_group",1429493580
"bro2-ssl",subject,1429493580
"bro2-ssl",ts,1429493580
"bro2-ssl",uid,1429493580
"bro2-ssl","validation_status",1429493580
"bro2-ssl",version,1429493580
"carmen_iis",ShibbolethSSO,1429493580
"carmen_iis","bytes_out",1429493580
"carmen_iis","bytes_received",1429493580
"carmen_iis","bytes_sent",1429493580
"carmen_iis","content_path",1429493580
"carmen_iis",cookie,1429493580
"carmen_iis","cs_User_Agent",1429493580
"carmen_iis",d2lSecureSessionVal,1429493580
"carmen_iis",d2lSessionVal,1429493580
"carmen_iis",date,1429493580
"carmen_iis",duration,1429493580
"carmen_iis",referer,1429493580
"carmen_iis","server_name",1429493580
"carmen_iis",shibsession,1429493580
"carmen_iis","shibsession_64656661756c7468747470733a2f2f6361726d656e2e6f73752e6564752f73686962626f6c657468",1429493580
"carmen_iis","splunk_server_group",1429493580
"carmen_iis","src_ip",1429493580
"carmen_iis",status,1429493580
"carmen_iis",time,1429493580
"carmen_iis","time_taken",1429493580
"carmen_iis","uri_query",1429493580
"carmen_iis","uri_stem",1429493580
"carmen_iis","user_agent",1429493580
"carmen_iis",utma,1429493580
"carmen_iis","utma_current_visit",1429493580
"carmen_iis","utma_domain_hash",1429493580
"carmen_iis","utma_first_visit",1429493580
"carmen_iis","utma_last_visit",1429493580
"carmen_iis","utma_session",1429493580
"carmen_iis","utma_systemid",1429493580
"carmen_iis",utmb,1429493580
"carmen_iis","utmb_cookie",1429493580
"carmen_iis","utmb_current_visit",1429493580
"carmen_iis","utmb_domain_hash",1429493580
"carmen_iis","utmb_session",1429493580
"carmen_iis",utmc,1429493580
"carmen_iis",utmcct,1429493580
"carmen_iis",utmcmd,1429493580
"carmen_iis",utmcsr,1429493580
"carmen_iis",utmz,1429493580
"carmen_iis",win32status,1429493580
"carmen_iis",xcddsa,1429493580
"casper:jss:softwareserver","splunk_server_group",1429493580
"ceg4.log","splunk_server_group",1429493580
cisco,interface,1429493580
cisco,"message_type",1429493580
cisco,"splunk_server_group",1429493580
cisco,state,1429493580
"cisco:asa",action,1429493580
"cisco:asa",app,1429493580
"cisco:asa",dest,1429493580
"cisco:asa","dest_interface",1429493580
"cisco:asa","dest_ip",1429493580
"cisco:asa","dest_port",1429493580
"cisco:asa","event_desc",1429493580
"cisco:asa",eventcode,1429493580
"cisco:asa",ip,1429493580
"cisco:asa",rule,1429493580
"cisco:asa","splunk_server_group",1429493580
"cisco:asa",src,1429493580
"cisco:asa","src_interface",1429493580
"cisco:asa","src_ip",1429493580
"cisco:asa","src_port",1429493580
"cisco:asa",transport,1429493580
"cisco:asa",vendor,1429493580
"cisco:asa","vendor_action",1429493580
clamav,"splunk_server_group",1429493580
"comit_application_logs","splunk_server_group",1429493580
"connect_access","splunk_server_group",1429493580
"connect_logs","splunk_server_group",1429493580
couch,"splunk_server_group",1429493580
cpu,CPU,1429493580
cpu,PercentIdleTime,1429493580
cpu,PercentNiceTime,1429493580
cpu,PercentSystemTime,1429493580
cpu,PercentUserTime,1429493580
cpu,PercentWaitTime,1429493580
cpu,cpu,1429493580
cpu,"cpu_load_percent",1429493580
cpu,"cpu_user_percent",1429493580
cpu,dest,1429493580
cpu,pctIdle,1429493580
cpu,pctIowait,1429493580
cpu,pctNice,1429493580
cpu,pctSystem,1429493580
cpu,pctUser,1429493580
cpu,"splunk_server_group",1429493580
cpu,src,1429493580
cron,"splunk_server_group",1429493580
crond,"splunk_server_group",1429493580
"cups_error","splunk_server_group",1429493580
daemon,"splunk_server_group",1429493580
datadog,"splunk_server_group",1429493580
df,Avail,1429493580
df,Filesystem,1429493580
df,FreeMBytes,1429493580
df,MountedOn,1429493580
df,PercentFreeSpace,1429493580
df,PercentUsedSpace,1429493580
df,Size,1429493580
df,TotalMBytes,1429493580
df,Type,1429493580
df,UsePct,1429493580
df,Used,1429493580
df,UsedMBytes,1429493580
df,dest,1429493580
df,filesystem,1429493580
df,"filesystem_type",1429493580
df,mount,1429493580
df,"splunk_server_group",1429493580
df,src,1429493580
df,storage,1429493580
df,"storage_free",1429493580
df,"storage_free_percent",1429493580
df,"storage_used",1429493580
df,"storage_used_percent",1429493580
dhcpd,dest,1429493580
dhcpd,"dest_int",1429493580
dhcpd,"dest_ip",1429493580
dhcpd,"dest_mac",1429493580
dhcpd,"dest_nt_host",1429493580
dhcpd,"dhcp_message",1429493580
dhcpd,dvc,1429493580
dhcpd,ip,1429493580
dhcpd,process,1429493580
dhcpd,signature,1429493580
dhcpd,"splunk_server_group",1429493580
dhcpd,"src_host",1429493580
dhcpd,"src_ip",1429493580
dhcpd,"src_mac",1429493580
dhcpd,"src_mac_prefix",1429493580
dns,pid,1429493580
dns,process,1429493580
dns,"splunk_server_group",1429493580
"exchange_connectlog","splunk_server_group",1429493580
exec,"splunk_server_group",1429493580
ezproxy,bytes,1429493580
ezproxy,clientip,1429493580
ezproxy,file,1429493580
ezproxy,ident,1429493580
ezproxy,method,1429493580
ezproxy,"req_time",1429493580
ezproxy,root,1429493580
ezproxy,"splunk_server_group",1429493580
ezproxy,"src_ip",1429493580
ezproxy,status,1429493580
ezproxy,uri,1429493580
ezproxy,"uri_domain",1429493580
ezproxy,"uri_path",1429493580
ezproxy,user,1429493580
ezproxy,useragent,1429493580
ezproxy,version,1429493580
"filemaker_server","splunk_server_group",1429493580
firewall,DPT,1429493580
firewall,DST,1429493580
firewall,ID,1429493580
firewall,MAC,1429493580
firewall,PROTO,1429493580
firewall,SPT,1429493580
firewall,SRC,1429493580
firewall,"splunk_server_group",1429493580
"fisher_iis","c_ip",1429493580
"fisher_iis","c_user_agent",1429493580
"fisher_iis","cs_method",1429493580
"fisher_iis","cs_username",1429493580
"fisher_iis","s_port",1429493580
"fisher_iis","sc_status",1429493580
"fisher_iis","sc_substatus",1429493580
"fisher_iis","sc_win32_status",1429493580
"fisher_iis","splunk_server_group",1429493580
"fisher_iis","src_ip",1429493580
"fisher_iis","time_taken",1429493580
fortigate,action,1429493580
fortigate,date,1429493580
fortigate,"dest_host",1429493580
fortigate,"device_name",1429493580
fortigate,devname,1429493580
fortigate,"dst_host",1429493580
fortigate,level,1429493580
fortigate,msg,1429493580
fortigate,"splunk_server_group",1429493580
fortigate,time,1429493580
fortigate,type,1429493580
fortigate,user,1429493580
fortigate,vd,1429493580
fortigate,vdom,1429493580
gdm,"splunk_server_group",1429493580
"good_access","splunk_server_group",1429493580
helix,"splunk_server_group",1429493580
"helix_access",IsRAStreamFound,1429493580
"helix_access",IsREStreamFound,1429493580
"helix_access",IsRIStreamFound,1429493580
"helix_access",IsRVStreamFound,1429493580
"helix_access","client_config",1429493580
"helix_access","client_statistics",1429493580
"helix_access","clip_avg_bitrate",1429493580
"helix_access","clip_duration",1429493580
"helix_access","clip_failed_resends",1429493580
"helix_access","clip_packets_sent",1429493580
"helix_access","clip_sending_time",1429493580
"helix_access","clip_successful_resends",1429493580
"helix_access",connid,1429493580
"helix_access","cs_method",1429493580
"helix_access","cs_uri_stem",1429493580
"helix_access","cs_user_agent",1429493580
"helix_access","cs_version",1429493580
"helix_access",date,1429493580
"helix_access","file_size",1429493580
"helix_access",guid,1429493580
"helix_access","interface_ip",1429493580
"helix_access","sc_bytes",1429493580
"helix_access","sc_status",1429493580
"helix_access","session_duration",1429493580
"helix_access","session_failed_resends",1429493580
"helix_access","session_log",1429493580
"helix_access","session_sending_time",1429493580
"helix_access","session_successful_resends",1429493580
"helix_access","splunk_server_group",1429493580
"helix_access","src_ip",1429493580
"helix_access",startime,1429493580
"helix_access",time,1429493580
"helix_access","total_bitrate_adaptations",1429493580
"helix_error","splunk_server_group",1429493580
ias,"Client_Friendly_Name",1429493580
ias,"Client_IP_Address",1429493580
ias,"NAS_IP_Address",1429493580
ias,"NAS_Port_Type",1429493580
ias,"Packet_Type",1429493580
ias,"Service_Type",1429493580
ias,"acct_input_octets",1429493580
ias,"acct_output_octets",1429493580
ias,"acct_session_id",1429493580
ias,"acct_session_time",1429493580
ias,"acct_status_type",1429493580
ias,"dvc_host",1429493580
ias,"dvc_ip",1429493580
ias,"framed_ip_address",1429493580
ias,"framed_ip_netmask",1429493580
ias,"framed_protocol",1429493580
ias,"ias_attr_4136",1429493580
ias,"ias_attr_6",1429493580
ias,"ias_message",1429493580
ias,"ms_filter",1429493580
ias,"nas_manufacturer",1429493580
ias,process,1429493580
ias,"splunk_server_group",1429493580
ias,src,1429493580
ias,"src_ip",1429493580
ias,user,1429493580
ias,vendor,1429493580
icinga,"splunk_server_group",1429493580
iis,"c_ip",1429493580
iis,"cs_method",1429493580
iis,"cs_uri_stem",1429493580
iis,date,1429493580
iis,"s_ip",1429493580
iis,"s_port",1429493580
iis,"sc_status",1429493580
iis,"sc_substatus",1429493580
iis,"sc_win32_status",1429493580
iis,"splunk_server_group",1429493580
iis,time,1429493580
iis,"time_taken",1429493580
"ingraph.log","splunk_server_group",1429493580
iostat,Device,1429493580
iostat,avgSvcMillis,1429493580
iostat,avgWaitMillis,1429493580
iostat,bandwUtilPct,1429493580
iostat,"rKB_PS",1429493580
iostat,"rReq_PS",1429493580
iostat,"splunk_server_group",1429493580
iostat,"wKB_PS",1429493580
iostat,"wReq_PS",1429493580
"juniper:junos",application,1429493580
"juniper:junos","dest_ip",1429493580
"juniper:junos","dest_port",1429493580
"juniper:junos","destination_address",1429493580
"juniper:junos","destination_port",1429493580
"juniper:junos",dvc,1429493580
"juniper:junos",ip,1429493580
"juniper:junos",name,1429493580
"juniper:junos","nested_application",1429493580
"juniper:junos","packet_incoming_interface",1429493580
"juniper:junos","policy_name",1429493580
"juniper:junos","source_address",1429493580
"juniper:junos","source_port",1429493580
"juniper:junos","splunk_server_group",1429493580
"juniper:junos","src_interface",1429493580
"juniper:junos","src_ip",1429493580
"juniper:junos","src_port",1429493580
"juniper:junos",username,1429493580
kern,"splunk_server_group",1429493580
krb5kdc,action,1429493580
krb5kdc,ip,1429493580
krb5kdc,pid,1429493580
krb5kdc,process,1429493580
krb5kdc,"req_etypes",1429493580
krb5kdc,"req_etypes_count",1429493580
krb5kdc,"req_type",1429493580
krb5kdc,"splunk_server_group",1429493580
krb5kdc,"src_ip",1429493580
krb5kdc,user,1429493580
krb5kdc,"user_name",1429493580
"ldap_child.log","splunk_server_group",1429493580
"linux:iptables",DPT,1429493580
"linux:iptables",DST,1429493580
"linux:iptables",ID,1429493580
"linux:iptables",IN,1429493580
"linux:iptables",LEN,1429493580
"linux:iptables",MAC,1429493580
"linux:iptables",PREC,1429493580
"linux:iptables",PROTO,1429493580
"linux:iptables",RES,1429493580
"linux:iptables",SPT,1429493580
"linux:iptables",SRC,1429493580
"linux:iptables",TOS,1429493580
"linux:iptables",TTL,1429493580
"linux:iptables",URGP,1429493580
"linux:iptables",WINDOW,1429493580
"linux:iptables","dest_ip",1429493580
"linux:iptables","dest_port",1429493580
"linux:iptables","splunk_server_group",1429493580
"linux:iptables","src_ip",1429493580
"linux:iptables","src_port",1429493580
"linux:iptables",transport,1429493580
"linux_audit",acct,1429493580
"linux_audit",action,1429493580
"linux_audit",addr,1429493580
"linux_audit",app,1429493580
"linux_audit",auid,1429493580
"linux_audit",command,1429493580
"linux_audit",dest,1429493580
"linux_audit",exe,1429493580
"linux_audit",hostname,1429493580
"linux_audit",msg,1429493580
"linux_audit",pid,1429493580
"linux_audit",res,1429493580
"linux_audit","splunk_server_group",1429493580
"linux_audit",src,1429493580
"linux_audit","src_ip",1429493580
"linux_audit",terminal,1429493580
"linux_audit",type,1429493580
"linux_audit",uid,1429493580
"linux_audit",user,1429493580
"linux_bootlog","splunk_server_group",1429493580
"linux_secure",dest,1429493580
"linux_secure",pid,1429493580
"linux_secure",process,1429493580
"linux_secure","splunk_server_group",1429493580
"linux_secure",src,1429493580
"local1-star.log","splunk_server_group",1429493580
"log.smbd","splunk_server_group",1429493580
"log4j_hrwebsvcs","log_level",1429493580
"log4j_hrwebsvcs","splunk_server_group",1429493580
"log4j_timesheet","log_level",1429493580
"log4j_timesheet","splunk_server_group",1429493580
lsof,COMMAND,1429493580
lsof,DEVICE,1429493580
lsof,FD,1429493580
lsof,NAME,1429493580
lsof,NODE,1429493580
lsof,PID,1429493580
lsof,SIZE,1429493580
lsof,TYPE,1429493580
lsof,USER,1429493580
lsof,"splunk_server_group",1429493580
"maria_audit",connectionid,1429493580
"maria_audit",database,1429493580
"maria_audit",dvc,1429493580
"maria_audit",object,1429493580
"maria_audit",operation,1429493580
"maria_audit","query_id",1429493580
"maria_audit",queryid,1429493580
"maria_audit",serverhost,1429493580
"maria_audit","splunk_server_group",1429493580
"maria_audit",src,1429493580
"maria_audit",user,1429493580
"maria_audit",username,1429493580
"meraki_mx80",dst,1429493580
"meraki_mx80",protocol,1429493580
"meraki_mx80","splunk_server_group",1429493580
"meraki_mx80",src,1429493580
"microsoft:exchange:protocol","splunk_server_group",1429493580
msdns,"splunk_server_group",1429493580
"myosu-stacktrace.log","splunk_server_group",1429493580
nagioshostperf,"splunk_server_group",1429493580
nagiosserviceperf,"splunk_server_group",1429493580
"native.log","splunk_server_group",1429493580
"native_warn","splunk_server_group",1429493580
netlogon,"splunk_server_group",1429493580
netscaler,"c_ip",1429493580
netscaler,"cs_bytes",1429493580
netscaler,"cs_cookie",1429493580
netscaler,"cs_method",1429493580
netscaler,"cs_referer",1429493580
netscaler,"cs_uri_query",1429493580
netscaler,"cs_uri_stem",1429493580
netscaler,"cs_user_Agent",1429493580
netscaler,"cs_username",1429493580
netscaler,"cs_version",1429493580
netscaler,date,1429493580
netscaler,"dest_ip",1429493580
netscaler,"dest_port",1429493580
netscaler,domain,1429493580
netscaler,ip,1429493580
netscaler,"s_ip",1429493580
netscaler,"s_port",1429493580
netscaler,"sc_bytes",1429493580
netscaler,"sc_servicename",1429493580
netscaler,"sc_status",1429493580
netscaler,"splunk_server_group",1429493580
netscaler,"src_ip",1429493580
netscaler,status,1429493580
netscaler,time,1429493580
netscaler,"time_taken",1429493580
"netscreen:firewall",action,1429493580
"netscreen:firewall","bytes_in",1429493580
"netscreen:firewall","bytes_out",1429493580
"netscreen:firewall",dest,1429493580
"netscreen:firewall","dest_ip",1429493580
"netscreen:firewall","dest_port",1429493580
"netscreen:firewall","device_id",1429493580
"netscreen:firewall",dst,1429493580
"netscreen:firewall","dst_port",1429493580
"netscreen:firewall",duration,1429493580
"netscreen:firewall",dvc,1429493580
"netscreen:firewall","dvc_dns",1429493580
"netscreen:firewall","policy_id",1429493580
"netscreen:firewall",product,1429493580
"netscreen:firewall",proto,1429493580
"netscreen:firewall",rcvd,1429493580
"netscreen:firewall",reason,1429493580
"netscreen:firewall",rule,1429493580
"netscreen:firewall",sent,1429493580
"netscreen:firewall",service,1429493580
"netscreen:firewall","splunk_server_group",1429493580
"netscreen:firewall",src,1429493580
"netscreen:firewall","src_ip",1429493580
"netscreen:firewall","src_port",1429493580
"netscreen:firewall",transport,1429493580
"netscreen:firewall","transport_id",1429493580
"netscreen:firewall",vendor,1429493580
"netscreen:firewall","vendor_action",1429493580
"netstat_windows",ForeignAddress,1429493580
"netstat_windows",LocalAddress,1429493580
"netstat_windows",PID,1429493580
"netstat_windows",Proto,1429493580
"netstat_windows",State,1429493580
"netstat_windows","dest_ip",1429493580
"netstat_windows","dest_port",1429493580
"netstat_windows","splunk_server_group",1429493580
"netstat_windows","src_ip",1429493580
"netstat_windows","src_port",1429493580
nmbd,"splunk_server_group",1429493580
nps,"data_type",1429493580
nps,"splunk_server_group",1429493580
"ns_log",app,1429493580
"ns_log",c,1429493580
"ns_log",dst,1429493580
"ns_log",fw,1429493580
"ns_log",id,1429493580
"ns_log",m,1429493580
"ns_log",msg,1429493580
"ns_log",n,1429493580
"ns_log",pri,1429493580
"ns_log",proto,1429493580
"ns_log",sent,1429493580
"ns_log",sess,1429493580
"ns_log",sn,1429493580
"ns_log","splunk_server_group",1429493580
"ns_log",src,1429493580
"ns_log",time,1429493580
"oracle10_trace","splunk_server_group",1429493580
"oracle11_trace",HOST,1429493580
"oracle11_trace",PROGRAM,1429493580
"oracle11_trace",USER,1429493580
"oracle11_trace","db_name",1429493580
"oracle11_trace",ip,1429493580
"oracle11_trace","splunk_server_group",1429493580
"oracle11_trace","src_ip",1429493580
"oracle_audit_syslog",ACTION,1429493580
"oracle_audit_syslog",DBID,1429493580
"oracle_audit_syslog",ENTRYID,1429493580
"oracle_audit_syslog","LOGOFF_DEAD",1429493580
"oracle_audit_syslog","LOGOFF_LREAD",1429493580
"oracle_audit_syslog","LOGOFF_LWRITE",1429493580
"oracle_audit_syslog","LOGOFF_PREAD",1429493580
"oracle_audit_syslog","ORACLE_MSG",1429493580
"oracle_audit_syslog",RETURNCODE,1429493580
"oracle_audit_syslog",SESSIONCPU,1429493580
"oracle_audit_syslog",SESSIONID,1429493580
"oracle_audit_syslog",USERID,1429493580
"oracle_audit_syslog","oracle_actionname",1429493580
"oracle_audit_syslog","oracle_audit_id",1429493580
"oracle_audit_syslog","oracle_eventclass",1429493580
"oracle_audit_syslog","oracle_eventtype",1429493580
"oracle_audit_syslog","splunk_server_group",1429493580
osumobile,"app_version",1429493580
osumobile,"iphone_language",1429493580
osumobile,platform,1429493580
osumobile,"platform_version",1429493580
osumobile,"splunk_server_group",1429493580
osumobile,"src_ip",1429493580
paniclog,"splunk_server_group",1429493580
pbl,"splunk_server_group",1429493580
"postfix_syslog","event_id",1429493580
"postfix_syslog",pid,1429493580
"postfix_syslog","postfix_action",1429493580
"postfix_syslog","postfix_id",1429493580
"postfix_syslog",process,1429493580
"postfix_syslog","queue_id",1429493580
"postfix_syslog","source_id",1429493580
"postfix_syslog","splunk_server_group",1429493580
"procurve_switch",pid,1429493580
"procurve_switch","splunk_server_group",1429493580
"procurve_switch",version,1429493580
ps,ARGS,1429493580
ps,COMMAND,1429493580
ps,CPUTIME,1429493580
ps,ELAPSED,1429493580
ps,PID,1429493580
ps,PSR,1429493580
ps,PercentMemory,1429493580
ps,PercentProcessorTime,1429493580
ps,"RSZ_KB",1429493580
ps,S,1429493580
ps,TTY,1429493580
ps,USER,1429493580
ps,UsedBytes,1429493580
ps,"VSZ_KB",1429493580
ps,app,1429493580
ps,command,1429493580
ps,"cpu_load_percent",1429493580
ps,"cpu_time",1429493580
ps,dest,1429493580
ps,"mem_used",1429493580
ps,parameter,1429493580
ps,pctCPU,1429493580
ps,pctMEM,1429493580
ps,pid,1429493580
ps,process,1429493580
ps,"process_id",1429493580
ps,rss,1429493580
ps,"splunk_server_group",1429493580
ps,src,1429493580
ps,stat,1429493580
ps,time,1429493580
ps,tty,1429493580
ps,user,1429493580
ps,vsz,1429493580
"psft_appserv_appsrv","ICPanel_component",1429493580
"psft_appserv_appsrv","ICPanel_menu",1429493580
"psft_appserv_appsrv","device_browser",1429493580
"psft_appserv_appsrv","device_type",1429493580
"psft_appserv_appsrv",message,1429493580
"psft_appserv_appsrv",pid,1429493580
"psft_appserv_appsrv","splunk_server_group",1429493580
"psft_appserv_appsrv",transaction,1429493580
"psft_appserv_appsrv",user,1429493580
"psft_appserv_appsrv","user_host",1429493580
"psft_appserv_monitorsrv","splunk_server_group",1429493580
"psft_appserv_stdadmin","splunk_server_group",1429493580
"psft_appserv_tracesql",Dur,1429493580
"psft_appserv_tracesql",Handle,1429493580
"psft_appserv_tracesql",RC,1429493580
"psft_appserv_tracesql",Stmt,1429493580
"psft_appserv_tracesql","VERSION_FROM_PSVERSION_WHERE_OBJECTTYPENAME",1429493580
"psft_appserv_tracesql",length,1429493580
"psft_appserv_tracesql","splunk_server_group",1429493580
"psft_appserv_tracesql",type,1429493580
"psft_appserv_tracesql",value,1429493580
"psft_appserv_tuxaccess",cltname,1429493580
"psft_appserv_tuxaccess","current_clients",1429493580
"psft_appserv_tuxaccess","splunk_server_group",1429493580
"psft_appserv_tuxaccess","user_host",1429493580
"psft_appserv_tuxlog",message,1429493580
"psft_appserv_tuxlog","splunk_server_group",1429493580
"psft_appserv_tuxlog",user,1429493580
"psft_appserv_tuxlog","user_host",1429493580
"psft_appserv_watchsrv","splunk_server_group",1429493580
"psft_prcs_mstrschdlr","splunk_server_group",1429493580
"psft_prcs_schdlr","splunk_server_group",1429493580
"psft_webserv","splunk_server_group",1429493580
"psft_webserv_pia_servlets","splunk_server_group",1429493580
"psft_webserv_pia_stderr","splunk_server_group",1429493580
"psft_webserv_weblogic","splunk_server_group",1429493580
qwinsta,"splunk_server_group",1429493580
radius,"splunk_server_group",1429493580
"random_data",ip,1429493580
"random_data","splunk_server_group",1429493580
"random_data_2","splunk_server_group",1429493580
"random_data_2",user,1429493580
rice,"log_level",1429493580
rice,password,1429493580
rice,"splunk_server_group",1429493580
rice,user,1429493580
"rsa_syslog","splunk_server_group",1429493580
shellshock,"splunk_server_group",1429493580
shellshock,version,1429493580
"shib_transaction","splunk_server_group",1429493580
shibboleth,action,1429493580
shibboleth,attributes,1429493580
shibboleth,"auth_method",1429493580
shibboleth,"dest_domain",1429493580
shibboleth,"idp_entity_id",1429493580
shibboleth,ip,1429493580
shibboleth,"name_id",1429493580
shibboleth,process,1429493580
shibboleth,"profile_id",1429493580
shibboleth,"req_bind",1429493580
shibboleth,"req_id",1429493580
shibboleth,"resp_bind",1429493580
shibboleth,"resp_id",1429493580
shibboleth,"sp_entity_id",1429493580
shibboleth,"splunk_server_group",1429493580
shibboleth,src,1429493580
shibboleth,"src_ip",1429493580
shibboleth,user,1429493580
shibboleth,"user_name",1429493580
"shibboleth_web","splunk_server_group",1429493580
shibd,"splunk_server_group",1429493580
"shibd.log","splunk_server_group",1429493580
shorewall,DPT,1429493580
shorewall,DST,1429493580
shorewall,ID,1429493580
shorewall,IN,1429493580
shorewall,LEN,1429493580
shorewall,OUT,1429493580
shorewall,PHYSIN,1429493580
shorewall,PHYSOUT,1429493580
shorewall,PREC,1429493580
shorewall,PROTO,1429493580
shorewall,SPT,1429493580
shorewall,SRC,1429493580
shorewall,TOS,1429493580
shorewall,TTL,1429493580
shorewall,"dest_ip",1429493580
shorewall,"dest_port",1429493580
shorewall,ip,1429493580
shorewall,protocol,1429493580
shorewall,"splunk_server_group",1429493580
shorewall,"src_ip",1429493580
shorewall,"src_port",1429493580
"sl_network",opID,1429493580
"sl_network","splunk_server_group",1429493580
"sl_network",user,1429493580
smbd,"splunk_server_group",1429493580
"smtp_receive","connector_id",1429493580
"smtp_receive","event_data_context",1429493580
"smtp_receive","local_endpoint",1429493580
"smtp_receive","remote_endpoint",1429493580
"smtp_receive","sequence_number",1429493580
"smtp_receive","session_id",1429493580
"smtp_receive","splunk_server_group",1429493580
"smtp_send","connector_id",1429493580
"smtp_send","event_data_context",1429493580
"smtp_send","local_endpoint",1429493580
"smtp_send","remote_endpoint",1429493580
"smtp_send","sequence_number",1429493580
"smtp_send","session_id",1429493580
"smtp_send","splunk_server_group",1429493580
snort,classification,1429493580
snort,"dest_ip",1429493580
snort,"generator_id",1429493580
snort,priority,1429493580
snort,protocol,1429493580
snort,severity,1429493580
snort,signature,1429493580
snort,"signature_id",1429493580
snort,"signature_rev",1429493580
snort,"splunk_server_group",1429493580
snort,"src_ip",1429493580
sonicwall,app,1429493580
sonicwall,c,1429493580
sonicwall,cdur,1429493580
sonicwall,"dest_host",1429493580
sonicwall,"dest_interface",1429493580
sonicwall,"dest_ip",1429493580
sonicwall,"dest_port",1429493580
sonicwall,dst,1429493580
sonicwall,fw,1429493580
sonicwall,id,1429493580
sonicwall,ip,1429493580
sonicwall,m,1429493580
sonicwall,msg,1429493580
sonicwall,n,1429493580
sonicwall,pri,1429493580
sonicwall,proto,1429493580
sonicwall,rcvd,1429493580
sonicwall,rpkt,1429493580
sonicwall,sent,1429493580
sonicwall,sess,1429493580
sonicwall,sn,1429493580
sonicwall,spkt,1429493580
sonicwall,"splunk_server_group",1429493580
sonicwall,src,1429493580
sonicwall,"src_interface",1429493580
sonicwall,"src_ip",1429493580
sonicwall,"src_port",1429493580
sonicwall,time,1429493580
sonicwall,transport,1429493580
sshd,app,1429493580
sshd,ip,1429493580
sshd,"splunk_server_group",1429493580
sshd,"src_ip",1429493580
sshd,"src_port",1429493580
sshd,"sshd_protocol",1429493580
sshd,user,1429493580
sshd,"vendor_action",1429493580
"ssl_request","splunk_server_group",1429493580
"ssl_request_log","splunk_server_group",1429493580
"sssd_default","splunk_server_group",1429493580
"sssd_default.log","splunk_server_group",1429493580
"sssd_whprdldap","splunk_server_group",1429493580
"sssd_whtstldap","splunk_server_group",1429493580
"sssd_whtstldap.log","splunk_server_group",1429493580
"suexec_log","splunk_server_group",1429493580
syslog,dest,1429493580
syslog,pid,1429493580
syslog,process,1429493580
syslog,"splunk_server_group",1429493580
syslog,src,1429493580
tasklist,"splunk_server_group",1429493580
"tomcat_catalina","splunk_server_group",1429493580
"transaction.log","splunk_server_group",1429493580
"ts048.log","splunk_server_group",1429493580
uAchieve,"splunk_server_group",1429493580
uAchieve,status,1429493580
"uAchieve_errors","splunk_server_group",1429493580
"uAchieve_jobs","splunk_server_group",1429493580
"uachieve.selfservice4.log","splunk_server_group",1429493580
"ues_httperr","splunk_server_group",1429493580
ulogd,action,1429493580
ulogd,"dest_ip",1429493580
ulogd,"dest_mac",1429493580
ulogd,"dest_port",1429493580
ulogd,dstip,1429493580
ulogd,dstmac,1429493580
ulogd,dstport,1429493580
ulogd,id,1429493580
ulogd,ip,1429493580
ulogd,name,1429493580
ulogd,proto,1429493580
ulogd,severity,1429493580
ulogd,"splunk_server_group",1429493580
ulogd,"src_ip",1429493580
ulogd,"src_mac",1429493580
ulogd,"src_port",1429493580
ulogd,srcip,1429493580
ulogd,srcmac,1429493580
ulogd,srcport,1429493580
updatedFiles,"splunk_server_group",1429493580
user,"splunk_server_group",1429493580
vmstat,FreeMBytes,1429493580
vmstat,TotalMBytes,1429493580
vmstat,UsedBytes,1429493580
vmstat,UsedMBytes,1429493580
vmstat,cSwitches,1429493580
vmstat,dest,1429493580
vmstat,forks,1429493580
vmstat,interrupts,1429493580
vmstat,loadAvg1mi,1429493580
vmstat,mem,1429493580
vmstat,memFreeMB,1429493580
vmstat,memFreePct,1429493580
vmstat,memTotalMB,1429493580
vmstat,memUsedMB,1429493580
vmstat,memUsedPct,1429493580
vmstat,"mem_free",1429493580
vmstat,"mem_used",1429493580
vmstat,pgPageOut,1429493580
vmstat,pgSwapOut,1429493580
vmstat,processes,1429493580
vmstat,"splunk_server_group",1429493580
vmstat,src,1429493580
vmstat,swapUsedPct,1429493580
vmstat,threads,1429493580
"vmw-syslog","splunk_server_group",1429493580
"watchguard_xtm","splunk_server_group",1429493580
who,HOSTNAME,1429493580
who,LINE,1429493580
who,TIME,1429493580
who,USERNAME,1429493580
who,"splunk_server_group",1429493580
"win2k3_firewall",action,1429493580
"win2k3_firewall",date,1429493580
"win2k3_firewall","dest_ip",1429493580
"win2k3_firewall","dest_port",1429493580
"win2k3_firewall","icmp_code",1429493580
"win2k3_firewall","icmp_type",1429493580
"win2k3_firewall",info,1429493580
"win2k3_firewall",ip,1429493580
"win2k3_firewall",path,1429493580
"win2k3_firewall",protocol,1429493580
"win2k3_firewall",size,1429493580
"win2k3_firewall","splunk_server_group",1429493580
"win2k3_firewall","src_ip",1429493580
"win2k3_firewall","src_port",1429493580
"win2k3_firewall","tcp_ack",1429493580
"win2k3_firewall","tcp_flags",1429493580
"win2k3_firewall","tcp_syn",1429493580
"win2k3_firewall","tcp_win",1429493580
"win2k3_firewall",time,1429493580
"win2k8_firewall",action,1429493580
"win2k8_firewall",date,1429493580
"win2k8_firewall","dest_ip",1429493580
"win2k8_firewall","dest_port",1429493580
"win2k8_firewall","icmp_code",1429493580
"win2k8_firewall","icmp_type",1429493580
"win2k8_firewall",info,1429493580
"win2k8_firewall",ip,1429493580
"win2k8_firewall",path,1429493580
"win2k8_firewall",protocol,1429493580
"win2k8_firewall",size,1429493580
"win2k8_firewall","splunk_server_group",1429493580
"win2k8_firewall","src_ip",1429493580
"win2k8_firewall","src_port",1429493580
"win2k8_firewall","tcp_ack",1429493580
"win2k8_firewall","tcp_flags",1429493580
"win2k8_firewall","tcp_syn",1429493580
"win2k8_firewall","tcp_win",1429493580
"win2k8_firewall",time,1429493580
"windows_snare_syslog","Authentication_Package",1429493580
"windows_snare_syslog",Domain,1429493580
"windows_snare_syslog",EventCode,1429493580
"windows_snare_syslog","Logon_GUID",1429493580
"windows_snare_syslog","Logon_ID",1429493580
"windows_snare_syslog","Logon_Process",1429493580
"windows_snare_syslog","Logon_Type",1429493580
"windows_snare_syslog","User_Name",1429493580
"windows_snare_syslog","Workstation_Name",1429493580
"windows_snare_syslog","category_string",1429493580
"windows_snare_syslog","computer_name",1429493580
"windows_snare_syslog",count,1429493580
"windows_snare_syslog",criticality,1429493580
"windows_snare_syslog","host_name",1429493580
"windows_snare_syslog","log_type",1429493580
"windows_snare_syslog",md5,1429493580
"windows_snare_syslog",msg,1429493580
"windows_snare_syslog",process,1429493580
"windows_snare_syslog","sid_type",1429493580
"windows_snare_syslog","source_name",1429493580
"windows_snare_syslog","splunk_server_group",1429493580
"windows_snare_syslog","user_name",1429493580
"windows_update",component,1429493580
"windows_update",dest,1429493580
"windows_update",pid,1429493580
"windows_update","splunk_server_group",1429493580
"windows_update",tid,1429493580
