<nav search_view="search" color="#bb0000"><!-- original color 65A637 -->
  <view name="Home" default='true' />
  <collection label="Overview Dashboards">
    <view name="overview_at_a_glance" />
    <view name="overview_field_extraction" />
    <view name="overview_props_overview" />
    <divider />
    <view name="overview_st_overview" />
    <view name="overview_sourcetype_score_list" />
    <view source="unclassified" match="overview_" />
  </collection>
  <collection label="Data Management">
    <collection label="Date Parsing">
      <view source="unclassified" match="dm_date_parsing" />
      <view name="dm_time_position" />
    </collection>
    <collection label="Line Breaking">
      <view name="dm_line_break_issues" />
      <view name="dm_line_break_work" />
      <view name="dm_line_break_sanity_check" />
    </collection>
    <collection label="Timezone">
      <view source="unclassified" match="dm_timezone" />
    </collection>
    <collection label="Learned Sourcetypes">
      <view source="unclassified" match="dm_learned" />
    </collection>
    <collection label="Sourcetyping">
      <view source="unclassified" match="dm_sourcetyping" />
    </collection>
    <collection label="Others">
      <view source="unclassified" match="dm_" />
    </collection>
  </collection>
  <collection label="Knowledge Management">
    <collection label="Field Extraction Dashboards">
      <view name="km_field_extraction_score_details" />
      <view name="km_top_sourcetypes_by_field_extraction" />
    </collection>
    <collection label="Working with Identified Fields">
      <view name="km_field_lookup" />
      <view name="km_sourcetype_field_comparison" />
      <view name="km_sourcetype_fields_deep_dive" />
    </collection>
    <collection label="Extract, Report, Transforms Views">
      <view name="km_props_trans_issues" />
      <view name="km_props_trans_lookup" />
      <view name="km_props_trans_lookup2" />
    </collection>
    <collection label="KM Query Review Dashboards">
      <view name="km_query_fields" />
      <view name="km_query_field_len" />
    </collection>
    <collection label="Other KM Dashboards">
      <view name="km_punct" />
      <view source="unclassified" match="km_" />
    </collection>
  </collection>
  <collection label="Data Taxonomy">
    <view name="data_taxonomy_seed" />
    <divider />
    <view name="data_taxonomy_host_overview" />
    <view source="unclassified" match="data_taxonomy" />
  </collection>
  <view name="search" />
  <view name="about" />
</nav>
