<nav>
    <view name="flashtimeline" default='true' />
    <collection label="Consolidated Dashboards">
        <view source="unclassified" match="dashboard"/>
        <divider />
    </collection>
    <collection label="Views">
        <view source="unclassified" />
        <divider />
    </collection>
    <collection label="Searches &amp; Reports">
        <collection label="Reports">
            <saved source="unclassified" match="report" />
        </collection>
        <divider />
        <saved source="unclassified" />
    </collection>
</nav>
